t(s),Adsorbed H on surface 1 (H m-2),solute flux surface 1 (H m-2 s-1),Total T surface 1 (K),0 value at [0] (H m-3)
1e-10,7.404387965605685e-10,-0.9645112877608192,300.1771104379884,28.372239396071937
2.0500000000000002e-10,7.404387965605685e-10,-0.9669663828598372,300.27581027017385,28.372239396071937
3.1525e-10,7.404387965605685e-10,-0.9690257203766236,300.35845107211645,28.372239396071937
4.3101250000000007e-10,7.404387965605685e-10,-0.9709476288256437,300.43545496513957,28.372239396071937
5.525631250000001e-10,7.404387965605685e-10,-0.9728338859357375,300.51091706218,28.372239396071937
6.801912812500001e-10,7.404387965605685e-10,-0.9747412416396039,300.5871100585672,28.372239396071937
8.142008453125001e-10,7.404387965605685e-10,-0.9767091485097948,300.66560359998465,28.372239396071937
9.549108875781252e-10,7.404387965605685e-10,-0.9787697605614568,300.7476670907407,28.372239396071937
1.1026564319570316e-09,7.404387965605685e-10,-0.9809524909328724,300.8344523950873,28.372239396071937
1.2577892535548832e-09,7.404387965605685e-10,-0.9832865246460233,300.92709353186996,28.372239396071937
1.4206787162326274e-09,7.404387965605685e-10,-0.9858024775823078,301.0267713504319,28.372239396071937
1.591712652044259e-09,7.404387965605685e-10,-0.9885336993195073,301.1347631167133,28.372239396071937
1.7712982846464719e-09,7.404387965605685e-10,-0.9915174630969806,301.2524866012054,28.372239396071937
1.9598631988787956e-09,7.404387965605685e-10,-0.9947961840525515,301.3815440497118,28.372239396071937
2.1578563588227356e-09,7.404387965605685e-10,-0.9984187656968323,301.5237696352136,28.372239396071937
2.3578563588227357e-09,7.404387965605685e-10,-1.0022819711063387,301.67502081958077,28.372239396071937
2.557856358822736e-09,7.404387965605685e-10,-1.0063689631255885,301.834563590912,28.372239396071937
2.757856358822736e-09,7.404387965605685e-10,-1.0106995330134798,302.0030915847416,28.372239396071937
2.957856358822736e-09,7.404387965605685e-10,-1.0152938541820224,302.18129983183115,28.372239396071937
3.1578563588227363e-09,7.404387965605685e-10,-1.0201727358916968,302.3698932304302,28.372239396071937
3.3578563588227364e-09,7.404387965605685e-10,-1.025357823321725,302.5695926537402,28.372239396071937
3.5578563588227366e-09,7.404387965605685e-10,-1.0308717697473573,302.7811396998186,28.372239396071937
3.757856358822737e-09,7.404387965605685e-10,-1.0367383934660335,303.0053005665234,28.372239396071937
3.957856358822737e-09,7.404387965605685e-10,-1.0429828271986796,303.24286933412463,28.372239396071937
4.157856358822737e-09,7.404387965605685e-10,-1.0496316652279012,303.4946708359242,28.372239396071937
4.357856358822737e-09,7.404387965605685e-10,-1.0567131121377946,303.7615632374724,28.372239396071937
4.557856358822737e-09,7.404387965605685e-10,-1.0642571361854272,304.04444040750207,28.372239396071937
4.757856358822737e-09,7.404387965605685e-10,-1.072295629829241,304.3442341391401,28.372239396071937
4.9578563588227375e-09,7.404387965605685e-10,-1.080862579642288,304.66191626333426,28.372239396071937
5.157856358822738e-09,7.404387965605685e-10,-1.0899942476787006,304.9985006849038,28.372239396071937
5.357856358822738e-09,7.404387965605685e-10,-1.099729366298538,305.35504536345053,28.372239396071937
5.557856358822738e-09,7.404387965605685e-10,-1.1101093484634248,305.7326542554702,28.372239396071937
5.757856358822738e-09,7.404387965605685e-10,-1.1211785155772542,306.13247922967025,28.372239396071937
5.957856358822738e-09,7.404387965605685e-10,-1.1329843450525159,306.55572196426465,28.372239396071937
6.157856358822738e-09,7.404387965605685e-10,-1.1455777399277463,307.00363583256643,28.372239396071937
6.3578563588227385e-09,7.404387965605685e-10,-1.1590133230411266,307.47752778130126,28.372239396071937
6.557856358822739e-09,7.404387965605685e-10,-1.173349758478243,307.9787602045876,28.372239396071937
6.757856358822739e-09,7.404387965605685e-10,-1.1886501032576346,308.50875281535036,28.372239396071937
6.957856358822739e-09,7.404387965605685e-10,-1.204982192496448,309.06898451497665,28.372239396071937
7.157856358822739e-09,7.404387965605685e-10,-1.2224190616117894,309.6609952612399,28.372239396071937
7.357856358822739e-09,7.404387965605685e-10,-1.2410394094625885,310.2863879338608,28.372239396071937
7.557856358822738e-09,7.404387965605685e-10,-1.2609281067241747,310.94683019651,28.372239396071937
7.757856358822739e-09,7.404387965605685e-10,-1.2821767542161238,311.6440563535776,28.372239396071937
7.957856358822739e-09,7.404387965605685e-10,-1.3048842963754994,312.37986919960474,28.372239396071937
8.157856358822739e-09,7.404387965605685e-10,-1.3291576955858901,313.1561418588954,28.372239396071937
8.357856358822739e-09,7.404387965605685e-10,-1.3551126736402759,313.9748196124788,28.372239396071937
8.557856358822739e-09,7.404387965605685e-10,-1.3828745272364373,314.8379217092838,28.372239396071937
8.75785635882274e-09,7.404387965605685e-10,-1.4125790250799652,315.7475431580909,28.372239396071937
8.95785635882274e-09,7.404387965605685e-10,-1.444373394905554,316.705856496563,28.372239396071937
9.15785635882274e-09,7.404387965605685e-10,-1.4784174095242362,317.7151135333922,28.372239396071937
9.35785635882274e-09,7.404387965605685e-10,-1.5148845818662589,318.7776470593757,28.372239396071937
9.55785635882274e-09,7.404387965605685e-10,-1.5539634799162083,319.895872522989,28.372239396071937
9.75785635882274e-09,7.404387965605685e-10,-1.595859173432308,321.0722896658253,28.372239396071937
9.95785635882274e-09,7.404387965605685e-10,-1.6407948254034856,322.30948411305786,28.372239396071937
1.015785635882274e-08,7.404387965605685e-10,-1.6890134423254528,323.6101289138859,28.372239396071937
1.035785635882274e-08,7.404387965605685e-10,-1.7407797985681577,324.9769860267526,28.372239396071937
1.055785635882274e-08,7.404387965605685e-10,-1.7963825513548015,326.41290774393514,28.372239396071937
1.075785635882274e-08,7.404387965605685e-10,-1.856136564171375,327.92083804995275,28.372239396071937
1.095785635882274e-08,7.404387965605685e-10,-1.9203854577631094,329.5038139080834,28.372239396071937
1.1157856358822741e-08,7.404387965605685e-10,-1.989504409236538,331.16496646913737,28.372239396071937
1.1357856358822741e-08,7.404387965605685e-10,-2.0639032211535735,332.90752219650295,28.372239396071937
1.1557856358822741e-08,7.404387965605685e-10,-2.144029683853269,334.73480390135626,28.372239396071937
1.1757856358822741e-08,7.404387965605685e-10,-2.230373255538412,336.65023168183205,28.372239396071937
1.1957856358822741e-08,7.404387965605685e-10,-2.3234690858788216,338.65732375983396,28.372239396071937
1.2157856358822742e-08,7.404387965605685e-10,-2.4239024099704842,340.7596972091028,28.372239396071937
1.2357856358822742e-08,7.404387965605685e-10,-2.532313340392789,342.9610685680743,28.372239396071937
1.2557856358822742e-08,7.404387965605685e-10,-2.649402085766284,345.2652543310077,28.372239396071937
1.2757856358822742e-08,7.404387965605685e-10,-2.775934624557229,347.67617131082255,28.372239396071937
1.2957856358822742e-08,7.404387965605685e-10,-2.912748862821494,350.1978368670616,28.372239396071937
1.3157856358822742e-08,7.404387965605685e-10,-3.060761304033998,352.8343689923602,28.372239396071937
1.3357856358822742e-08,7.404387965605685e-10,-3.2209742580118275,355.58998625083836,28.372239396071937
1.3557856358822743e-08,7.404387965605685e-10,-3.39448361408929,358.4690075618196,28.372239396071937
1.3757856358822743e-08,7.404387965605685e-10,-3.5824872010228286,361.4758518223231,28.372239396071937
1.3957856358822743e-08,7.404387965605685e-10,-3.786293752459843,364.6150373618307,28.372239396071937
1.4157856358822743e-08,7.404387965605685e-10,-4.007332492059319,367.89118122287977,28.372239396071937
1.4357856358822743e-08,7.404387965605685e-10,-4.247163346365693,371.3089982611166,28.372239396071937
1.4557856358822743e-08,7.404387965605685e-10,-4.507487786171837,374.87330005854744,28.372239396071937
1.4757856358822743e-08,7.404387965605685e-10,-4.790160288225971,378.5889936438039,28.372239396071937
1.4957856358822742e-08,7.404387965605685e-10,-5.09720039862833,382.4610800133963,28.372239396071937
1.515785635882274e-08,7.404387965605685e-10,-5.430805367016408,386.4946524480381,28.372239396071937
1.535785635882274e-08,7.404387965605685e-10,-5.793363306585649,390.6948946182711,28.372239396071937
1.5557856358822737e-08,7.404387965605685e-10,-6.18746681910017,395.06707847380824,28.372239396071937
1.5757856358822736e-08,7.404387965605685e-10,-6.615677143585002,399.61395750766764,28.372239396071937
1.5957856358822734e-08,7.404387965605685e-10,-7.081240998174278,404.34334082887744,28.372239396071937
1.6157856358822733e-08,7.404387965605685e-10,-7.587465403047625,409.26094543448517,28.372239396071937
1.635785635882273e-08,7.404387965605685e-10,-8.13789795378818,414.3723472158702,28.372239396071937
1.655785635882273e-08,7.404387965605685e-10,-8.736361113647728,419.68319101089503,28.372239396071937
1.6757856358822728e-08,7.404387965605685e-10,-9.386967135224278,425.19919616009804,28.372239396071937
1.6957856358822727e-08,7.404387965605685e-10,-10.094131525679828,430.9261523111015,28.372239396071937
1.7157856358822725e-08,7.404387965605685e-10,-10.862585654392873,436.86991439486036,28.372239396071937
1.7357856358822724e-08,7.404387965605685e-10,-11.69738832732992,443.0363975803087,28.372239396071937
1.7557856358822722e-08,7.404387965605685e-10,-12.603936051328873,449.4315722070853,28.372239396071937
1.775785635882272e-08,7.404387965605685e-10,-13.58797168312346,456.06145862221706,28.372239396071937
1.795785635882272e-08,7.404387965605685e-10,-14.655591142567205,462.9321218613649,28.372239396071937
1.8157856358822718e-08,7.404387965605685e-10,-15.813247859583713,470.049666134258,28.372239396071937
1.8357856358822716e-08,7.404387965605685e-10,-17.067754619558848,477.4202290873836,28.372239396071937
1.8557856358822715e-08,7.404387965605685e-10,-18.426282472998373,485.04997582563135,28.372239396071937
1.8757856358822713e-08,7.404387965605685e-10,-19.89635638318972,492.945092680047,28.372239396071937
1.895785635882271e-08,7.404387965605685e-10,-21.48584730109758,501.11178071233655,28.372239396071937
1.915785635882271e-08,7.404387965605685e-10,-23.202960380382414,509.55624894902934,28.372239396071937
1.935785635882271e-08,7.404387965605685e-10,-25.05621907763412,518.2847073397088,28.372239396071937
1.9557856358822707e-08,7.404387965605685e-10,-27.054444923802382,527.303359434736,28.372239396071937
1.9757856358822705e-08,7.404387965605685e-10,-29.206732802240122,536.6183947785834,28.372239396071937
1.9957856358822704e-08,7.404387965605685e-10,-31.522421626344453,546.2359810153835,28.372239396071937
2.0157856358822702e-08,7.404387965605685e-10,-34.01106037475502,556.1622557036342,28.372239396071937
2.03578563588227e-08,27703.417983784115,-70270142649660.83,566.403317837248,14015538532864.91
2.05578563588227e-08,95079.21098415714,-193815617183851.28,576.9652190703102,31623034219263.8
2.0757856358822698e-08,230275.26325375668,-412106109004282.44,587.8539546430461,58898508514357.26
2.0957856358822696e-08,485359.7648484922,-803383017622822.1,599.0754540066159,103206458994423.16
2.1157856358822695e-08,953458.810695854,-1506867270112449.5,610.6355711444578,175998232565933.5
2.1357856358822693e-08,1799125.3806880007,-2768210794351877.0,622.5400745880199,295668381923827.75
2.1557856358822692e-08,3310624.5711020837,-5017677699542905.0,634.7946371248563,491764586489486.1
2.175785635882269e-08,5988894.442199127,-9002625286555891.0,647.4048251972308,811475695874759.5
2.195785635882269e-08,10697421.01475209,-1.6009631862542366e+16,660.3760879896016,1329611809710502.2
2.2157856358822687e-08,18912278.86362725,-2.823293557809395e+16,673.713746203634,2163827710097533.5
2.2357856358822686e-08,33135138.284038424,-4.937878349256833e+16,687.422980519764,3497619262055310.0
2.2557856358822684e-08,57568517.104228556,-8.564547202748747e+16,701.5088197447903,5614707756119348.0
2.2757856358822683e-08,99208310.84256135,-1.472941671506795e+17,715.9761286455521,8949913015854694.0
2.295785635882268e-08,169592703.38421744,-2.511368543969022e+17,730.8295954694552,1.4163617265225792e+16
2.315785635882268e-08,287571565.6903059,-4.244295480482878e+17,746.073719153476,2.2249573170133616e+16
2.3357856358822678e-08,483643707.2339008,-7.108903150456452e+17,761.7127962242952,3.468926371601732e+16
2.3557856358822677e-08,806674148.3518095,-1.179887249422787e+18,777.7509073934498,5.367044384309233e+16
2.3757856358822675e-08,1334180645.4099226,-1.9402918257799557e+18,794.191903852819,8.239305327172522e+16
2.3957856358822674e-08,2187907675.5646343,-3.16110505602661e+18,811.0393932774396,1.2549254730535861e+17
2.4157856358822672e-08,3557137035.5754004,-5.10178088116845e+18,828.2967255445678,1.8961898226308406e+17
2.435785635882267e-08,5733178853.422979,-8.156242032998616e+18,845.9669781801059,2.842200013529594e+17
2.455785635882267e-08,9159819328.73309,-1.2915960627077042e+19,864.0529415460037,4.225872078399824e+17
2.4757856358822667e-08,14506258565.06203,-2.0259211995251855e+19,882.5571037850432,6.232381937606263e+17
2.4957856358822666e-08,22771351480.268555,-3.147575474840464e+19,901.4816355425417,9.117204861328517e+17
2.5157856358822664e-08,35430873803.48065,-4.84387816069251e+19,920.8283744879574,1.3229384804359944e+18
2.5357856358822663e-08,54643184619.754944,-7.383904482455247e+19,940.5988096631871,1.9041194512016028e+18
2.555785635882266e-08,83533155067.39975,-1.1149957982588722e+20,960.7940656884781,2.718549123171585e+18
2.575785635882266e-08,126579675259.33466,-1.6679338429337715e+20,981.4148868613613,3.8502199448524677e+18
2.595785635882266e-08,190138508044.77228,-2.471906579207162e+20,1002.4616211888269,5.409544714395509e+18
2.6157856358822657e-08,283139755515.4209,-3.629666029545853e+20,1023.9342043980882,7.540292800134681e+18
2.6357856358822655e-08,418007703827.2761,-5.281050745501217e+20,1045.8321439767037,1.0427903698747138e+19
2.6557856358822654e-08,611860182860.3291,-7.614371938750364e+20,1068.15450329851,1.4309320409079431e+19
2.6757856358822652e-08,888054560680.648,-1.0880569057101337e+21,1090.8998858977116,1.9484459771545543e+19
2.695785635882265e-08,1278157657847.8606,-1.5410567233021493e+21,1114.0664199595399,2.632939443374652e+19
2.715785635882265e-08,1824426553791.2783,-2.1636257007054322e+21,1137.6517431020595,3.5311256322683888e+19
2.7357856358822648e-08,2582895506125.669,-3.011546896311375e+21,1161.6529875298934,4.7004777992275755e+19
2.7557856358822646e-08,3627169660128.1484,-4.15612181102972e+21,1186.0667656467701,6.211025793014486e+19
2.7757856358822645e-08,5053027028055.286,-5.687532676407993e+21,1210.8891562197796,8.147255898066587e+19
2.7957856358822643e-08,6983923859478.652,-7.718627734544544e+21,1236.1156911939374,1.0610051375689523e+20
2.8157856358822642e-08,9577481697292.992,-1.0389076959614296e+22,1261.741343260994,1.3718580413879054e+20
2.835785635882264e-08,13033002859033.79,-1.3869792639260784e+22,1287.7605142912441,1.761199903796608e+20
2.855785635882264e-08,17600009471785.773,-1.836743703603953e+22,1314.1670247412728,2.2450787807103137e+20
2.8757856358822637e-08,23587723121508.117,-2.4128744022902034e+22,1340.9541041539653,2.84174824416209e+20
2.8957856358822636e-08,31375290402766.207,-3.144425969799003e+22,1368.1143828695551,3.5716490975081084e+20
2.9157856358822634e-08,41422406690266.9,-4.0650956824938375e+22,1395.6398850678765,4.4572617291162426e+20
2.9357856358822633e-08,54279789849041.38,-5.2133001491634794e+22,1423.5220232621239,5.52278408755847e+20
2.955785635882263e-08,70598704145036.25,-6.631975621878928e+22,1451.7515943632277,6.793584938699827e+20
2.975785635882263e-08,91138435805868.23,-8.367991107008406e+22,1480.3187774312566,8.295380677223778e+20
2.995785635882263e-08,116770276520151.16,-1.0471042536579332e+23,1509.2131332259587,1.0053087353221213e+21
3.015785635882263e-08,148476314668270.78,-1.299192225524097e+23,1538.4236056625703,1.2089331755355275e+21
3.035785635882263e-08,187340902933805.22,-1.5979982927971264e+23,1567.9385252712725,1.4422602421311006e+21
3.0557856358822633e-08,234532727887456.38,-1.947977596576857e+23,1597.7456147491127,1.7065127272124412e+21
3.0757856358822635e-08,291275436608064.5,-2.3526817256987343e+23,1627.831996681847,2.0020609289692352e+21
3.095785635882264e-08,358805358794496.9,-2.8142606774385582e+23,1658.1842034999956,2.3282070152559497e+21
3.115785635882264e-08,438315954273824.0,-3.332919444637669e+23,1688.7881897185293,2.6830171543889285e+21
3.135785635882264e-08,530890343080116.5,-3.906380649533441e+23,1719.6293464931125,3.0632497035948075e+21
3.155785635882264e-08,637425604284790.5,-4.529428367468232e+23,1750.6925185078621,3.464434935139156e+21
3.1757856358822644e-08,758555233353596.5,-5.193628218148482e+23,1781.9620231903602,3.8811599825291434e+21
3.1957856358822646e-08,894578743977480.6,-5.8873270798592844e+23,1813.4216722293727,4.307596872112462e+21
3.215785635882265e-08,1045409157011556.9,-6.596023295648499e+23,1845.0547953496925,4.738278288238569e+21
3.235785635882265e-08,1210549172400349.5,-7.303157493915454e+23,1876.8442662770128,5.169076006217815e+21
3.255785635882265e-08,1389104431713669.0,-7.991303485425364e+23,1908.7725308041038,5.598278370359432e+21
3.275785635882265e-08,1579837198970925.8,-8.643646664853219e+23,1940.821636848153,6.02761093132086e+21
3.2957856358822655e-08,1781256594901637.8,-9.245544761290085e+23,1972.9732663683267,6.46301830518473e+21
3.3157856358822657e-08,1991733747158875.5,-9.785902841062075e+23,2005.2087689927644,6.915043360632068e+21
3.335785635882266e-08,2209624075322131.8,-1.0258091420945969e+24,2037.5091971857382,7.398708557812404e+21
3.355785635882266e-08,2433376588045446.5,-1.0660209956490616e+24,2069.8553427689158,7.932911519358534e+21
3.375785635882266e-08,2661612739452411.0,-1.099463844405665e+24,2102.2277745959086,8.539461705484867e+21
3.3957856358822664e-08,2893164614397016.0,-1.126698922003829e+24,2134.6068771668824,9.241967508061179e+21
3.4157856358822666e-08,3127071829276101.0,-1.1484713663188777e+24,2166.9728899601478,1.0064801697106395e+22
3.435785635882267e-08,3362545473925730.0,-1.1655684319978224e+24,2199.305947250638,1.1032320806111395e+22
3.455785635882267e-08,3598912971466543.0,-1.17870407813934e+24,2231.586118181047,1.2168412733000884e+22
3.475785635882267e-08,3835558663783697.0,-1.1884475553538377e+24,2263.793446850335,1.3496337403633637e+22
3.495785635882267e-08,4071871842156709.0,-1.1951992219186451e+24,2295.9079921862603,1.5038747516026577e+22
3.5157856358822675e-08,4307208738890685.5,-1.1992046352030181e+24,2327.9098673735434,1.68177508760893e+22
3.5357856358822676e-08,4540869845531580.0,-1.2005915356411259e+24,2359.779278617109,1.8854898464783304e+22
3.555785635882268e-08,4772090335403516.0,-1.1994141990015256e+24,2391.496563030395,2.117103159590647e+22
3.575785635882268e-08,5000039809207019.0,-1.1956938244503702e+24,2423.0422254517557,2.378597255251238e+22
3.595785635882268e-08,5223827665185819.0,-1.1894492587043695e+24,2454.396974007212,2.671807942412199e+22
3.6157856358822684e-08,5442511359270596.0,-1.1807170964139263e+24,2485.5417542549626,2.9983703013718495e+22
3.6357856358822685e-08,5655105969986592.0,-1.1695629821155751e+24,2516.457781765726,3.3596585995133746e+22
3.655785635882269e-08,5860594403807870.0,-1.1560868542109173e+24,2547.1265730128653,3.7567239423454177e+22
3.675785635882269e-08,6057938138326316.0,-1.1404245875312292e+24,2577.529974466898,4.190232534061342e+22
3.695785635882269e-08,6246088648028198.0,-1.122747727237106e+24,2607.6501898100864,4.660406968023008e+22
3.715785635882269e-08,6423999697370278.0,-1.1032622456774173e+24,2637.4698052079275,5.1669727510630375e+22
3.7357856358822694e-08,6590640616486286.0,-1.0822067036802478e+24,2666.9718125952113,5.709112207426259e+22
3.7557856358822696e-08,6745010561595805.0,-1.059849881559218e+24,2696.1396309545053,6.285427897945945e+22
3.77578563588227e-08,6886153640103692.0,-1.0364878057521197e+24,2724.9571255842225,6.893917637672054e+22
3.79578563588227e-08,7013174665560051.0,-1.0124400660904118e+24,2753.408625371531,7.531963044428483e+22
3.81578563588227e-08,7125255207207037.0,-9.880453449380796e+23,2781.478938102056,8.196333274398908e+22
3.83578563588227e-08,7221669516769270.0,-9.636561320027822e+23,2809.153363853494,8.883205192268647e+22
3.8557856358822705e-08,7301799854779577.0,-9.39632661127947e+23,2836.417706533665,9.588200691029537e+22
3.875785635882271e-08,7365150703212139.0,-9.163361692291428e+23,2863.258283635206,1.0306441240530011e+23
3.895785635882271e-08,7411361343128220.0,-8.9412163753416e+23,2889.661934288912,1.1032619034672827e+23
3.915785635882271e-08,7440216296950760.0,-8.733302274427526e+23,2915.61602570572,1.1761083363806279e+23
3.935785635882271e-08,7451653184847447.0,-8.54281664161927e+23,2941.108458103504,1.2485940106426736e+23
3.9557856358822714e-08,7445767621657305.0,-8.372668478126241e+23,2966.1276682192643,1.3201161560788817e+23
3.9757856358822716e-08,7422814881091249.0,-8.225409817121814e+23,2990.6626315100575,1.3900703269331913e+23
3.995785635882272e-08,7383208172093983.0,-8.103174998249303e+23,3014.70286314721,1.4578624068710533e+23
4.015785635882272e-08,7327513501436445.0,-8.007630500065e+23,3038.2384179081373,1.522920535828841e+23
4.035785635882272e-08,7256441229143646.0,-7.93993748047962e+23,3061.2598890685717,1.5847065540574854e+23
4.055785635882272e-08,7170834551364055.0,-7.900728623205434e+23,3083.758406395338,1.6427265754296906e+23
4.0757856358822725e-08,7071655261286896.0,-7.890100237522173e+23,3105.7256333361747,1.696540338570173e+23
4.0957856358822727e-08,6959967236254157.0,-7.907619853836275e+23,3127.1537634986043,1.7457690383210848e+23
4.115785635882273e-08,6836918173317085.0,-7.952348846296442e+23,3148.035516504688,1.7901014079642578e+23
4.135785635882273e-08,6703720142968334.0,-8.022878942971907e+23,3168.364133302787,1.829297900102956e+23
4.155785635882273e-08,6561629550382652.0,-8.11738089570154e+23,3188.133371011336,1.8631928962829298e+23
4.1757856358822734e-08,6411927085840620.0,-8.233663109422953e+23,3207.337497363261,1.8916949573490915e+23
4.1957856358822735e-08,6255898213382843.0,-8.369237697851972e+23,3225.9712848131367,1.9147852035427267e+23
4.215785635882274e-08,6094814692784194.0,-8.521391250542338e+23,3244.0300043626125,1.932513981436422e+23
4.235785635882274e-08,5929917559234237.0,-8.687257565814391e+23,3261.5094191531275,1.944996030857115e+23
4.255785635882274e-08,5762401902767245.0,-8.863889714582512e+23,3278.4057778685733,1.952404406871528e+23
4.275785635882274e-08,5593403700721495.0,-9.048329032931119e+23,3294.715807984425,1.95496343869202e+23
4.2957856358822744e-08,5423988866293019.0,-9.237668971385608e+23,3310.436708894001,1.9529410190268416e+23
4.3157856358822746e-08,5255144589018946.0,-9.429112127576276e+23,3325.566144936998,1.9466405148826715e+23
4.335785635882275e-08,5087772962476757.0,-9.620019226692789e+23,3340.102238350312,1.9363925758021595e+23
4.355785635882275e-08,4922686823458651.0,-9.80794926222714e+23,3354.043562156419,1.9225470901894542e+23
4.375785635882275e-08,4760607667318923.0,-9.990690442490173e+23,3367.3891330003116,1.9054655072623212e+23
4.3957856358822753e-08,4602165457171945.0,-1.0166281985057766e+24,3380.1384039421177,1.8855137038983578e+23
4.4157856358822755e-08,4447900110423256.0,-1.0333027145608557e+24,3392.29125720916,1.8630555347695576e+23
4.435785635882276e-08,4298264424354535.5,-1.0489498148913318e+24,3403.847996908255,1.838447163014469e+23
4.455785635882276e-08,4153628192221698.5,-1.0634533902673458e+24,3414.809341696561,1.8120322292792507e+23
4.475785635882276e-08,4014283261232905.0,-1.076723151887782e+24,3425.1764174072323,1.7841378808654247e+23
4.495785635882276e-08,3880449292260566.0,-1.088693274579046e+24,3434.950749624463,1.755071651118661e+23
4.5157856358822764e-08,3752279996489592.0,-1.0993206433144598e+24,3444.134256201288,1.7251191528180925e+23
4.5357856358822766e-08,3629869644676437.0,-1.1085828122316813e+24,3452.7292397125916,1.694542528520095e+23
4.555785635882277e-08,3513259668627091.5,-1.1164757782168396e+24,3460.7383798352535,1.663579585569473e+23
4.575785635882277e-08,3402445200377202.5,-1.1230116610232397e+24,3468.164725647122,1.6324435335268552e+23
4.595785635882277e-08,3297381421046383.5,-1.1282163698098329e+24,3475.0116878365648,1.601323236572899e+23
4.615785635882277e-08,3197989617333577.0,-1.1321273228428585e+24,3481.2830308146404,1.5703838923929265e+23
4.6357856358822775e-08,3104162868244712.5,-1.1347912737073414e+24,3486.9828647224576,1.5397680513950656e+23
4.6557856358822777e-08,3015771307248647.0,-1.136262284380144e+24,3492.115637326996,1.509596895122623e+23
4.675785635882278e-08,2932666925206016.5,-1.1365998734277603e+24,3496.6861257995047,1.4799716996612762e+23
4.695785635882278e-08,2854687896861172.5,-1.1358673567652795e+24,3500.69942837159,1.450975418044437e+23
4.715785635882278e-08,2781662428344462.5,-1.1341303890641878e+24,3504.160955865157,1.4226743245371281e+23
4.7357856358822784e-08,2713412135046268.0,-1.1314557061227042e+24,3507.0764230935133,1.3951196727353566e+23
4.7557856358822786e-08,2649754968542168.0,-1.1279100623122477e+24,3509.4518401321106,1.3683493282587482e+23
4.775785635882279e-08,2590507718188429.5,-1.1235593525087584e+24,3511.293503458577,1.3423893451405813e+23
4.795785635882279e-08,2535488117833450.0,-1.1184679045772671e+24,3512.607986962882,1.3172554626229103e+23
4.815785635882279e-08,2484516591091820.5,-1.112697926335435e+24,3513.402132829604,1.2929545058158902e+23
4.835785635882279e-08,2437417670097425.0,-1.1063090897942148e+24,3513.6830422953853,1.2694856795175066e+23
4.8557856358822795e-08,2394021122875751.5,-1.099358235174287e+24,3513.458066285693,1.2468417494041127e+23
4.8757856358822796e-08,2354162823720127.5,-1.0918991775462203e+24,3512.7347959359763,1.2250101088260491e+23
4.89578563588228e-08,2317685399462913.5,-1.0839825997752324e+24,3511.521053003194,1.2039737326377892e+23
4.91578563588228e-08,2284436936435352.5,-1.0756529439812243e+24,3509.826610571889,1.1837143011109309e+23
4.93578563588228e-08,2254274308264718.5,-1.066958049436914e+24,3507.659290152874,1.1642073506023357e+23
4.9557856358822804e-08,2227062402952481.8,-1.057939771525304e+24,3505.027211292886,1.1454265373455884e+23
4.9757856358822805e-08,2202673918430534.2,-1.048636441139046e+24,3501.9388211982705,1.1273442325509848e+23
4.995785635882281e-08,2180989215782331.0,-1.0390833851209382e+24,3498.4028216251136,1.1099318327208817e+23
5.015785635882281e-08,2161896140370601.0,-1.0293131894874133e+24,3494.4281348780974,1.0931600894582812e+23
5.035785635882281e-08,2145289804727515.5,-1.0193558966974299e+24,3490.023877408418,1.0769994024085551e+23
5.055785635882281e-08,2131072335370796.0,-1.0092391781870692e+24,3485.199338655111,1.0614200722957336e+23
5.0757856358822814e-08,2119152589464573.0,-9.98988496486077e+23,3479.963963364059,1.0463925146621495e+23
5.0957856358822816e-08,2109445848163920.2,-9.886272610347551e+23,3474.327336196789,1.0318874369078578e+23
5.115785635882282e-08,2101873493214983.8,-9.781769781580176e+23,3468.299167870056,1.0178759822484861e+23
5.135785635882282e-08,2096362672658458.8,-9.676573945061757e+23,3461.8892823430233,1.0043298445910365e+23
5.155785635882282e-08,2092845960621830.5,-9.570866330714519e+23,3455.1076047410115,9.912213583321197e+22
5.175785635882282e-08,2091261015327865.8,-9.464813210298337e+23,3447.964149812756,9.785235668817186e+22
5.1957856358822825e-08,2091550238656086.2,-9.358567089001303e+23,3440.4690107868623,9.662102734089438e+22
5.215785635882283e-08,2093660439895732.5,-9.252267807626988e+23,3432.632348537697,9.542560769532242e+22
5.235785635882283e-08,2097542505729462.2,-9.146043555016695e+23,3424.4643810004623,9.42636396680239e+22
5.255785635882283e-08,2103151077984242.2,-9.040011792172984e+23,3415.975372794944,9.313274867062363e+22
5.275785635882283e-08,2110444240272269.8,-8.9342800909756e+23,3407.175625031026,9.20306443578836e+22
5.2957856358822834e-08,2119383214311335.8,-8.828946891452691e+23,3398.0754652784,9.095512081924385e+22
5.3157856358822836e-08,2129932066450943.2,-8.724102182331552e+23,3388.6852376895854,8.990405636346523e+22
5.335785635882284e-08,2142057424728231.0,-8.619828110105143e+23,3379.0152932700726,8.887541302068468e+22
5.355785635882284e-08,2155728206627212.8,-8.516199522158443e+23,3369.075980292799,8.78672358636156e+22
5.375785635882284e-08,2170915357607651.5,-8.413284449647171e+23,3358.8776348567944,8.687765222965774e+22
5.395785635882284e-08,2187591600398576.5,-8.311144535847705e+23,3348.430571591578,8.590487090807843e+22
5.4157856358822845e-08,2205731195009167.0,-8.20983541562715e+23,3337.745074510451,8.494718134103723e+22
5.4357856358822847e-08,2225309709390574.0,-8.109407051546811e+23,3326.831388016822,8.400295287377618e+22
5.455785635882285e-08,2246303800680866.5,-8.009904031919035e+23,3315.6997080686565,8.307063407764992e+22
5.475785635882285e-08,2268691006977131.5,-7.911365835913694e+23,3304.3601735067864,8.214875215958365e+22
5.495785635882285e-08,2292472868429257.0,-7.814280299671023e+23,3292.790359284856,8.123211835879266e+22
5.5157856358822854e-08,2317615471321527.5,-7.717854536870995e+23,3281.0367213407603,8.032398362438617e+22
5.5357856358822855e-08,2344094337213882.5,-7.622385690546149e+23,3269.1075366826,7.94228583207978e+22
5.555785635882286e-08,2371886995995508.0,-7.527958538859467e+23,3257.0116877793776,7.852739052031376e+22
5.575785635882286e-08,2400971672319498.0,-7.434610979086125e+23,3244.758383326415,7.76363807993433e+22
5.595785635882286e-08,2431326780251904.0,-7.342364499070805e+23,3232.3569390918,7.674874801888536e+22
5.615785635882286e-08,2462930636752102.5,-7.251232146466655e+23,3219.816675787234,7.586351165975695e+22
5.6357856358822864e-08,2495761262645485.0,-7.161221317922022e+23,3207.1468647760626,7.497978243922691e+22
5.6557856358822866e-08,2529796228718592.5,-7.072334963123954e+23,3194.356695439444,7.409675689514757e+22
5.675785635882287e-08,2565012530144921.0,-6.984572207525167e+23,3181.4552534433346,7.3213713975706626e+22
5.695785635882287e-08,2601386481638132.5,-6.897928735585143e+23,3168.4515049967567,7.233001267942686e+22
5.715785635882287e-08,2638893629545561.0,-6.812397068195338e+23,3155.3542846598716,7.144509024177408e+22
5.7357856358822873e-08,2677508678846041.5,-6.727966792198992e+23,3142.1722854022755,7.0558460582984946e+22
5.7557856358822875e-08,2717205433874595.0,-6.644624769104358e+23,3128.9140501813113,6.9669712844914975e+22
5.775785635882288e-08,2757956752032023.0,-6.56235533637824e+23,3115.5879646118547,6.8778509907432695e+22
5.795785635882288e-08,2799734509957074.0,-6.481140508111964e+23,3102.2022504670495,6.788458681197289e+22
5.815785635882288e-08,2842509581741262.0,-6.400960178445331e+23,3088.7649598470184,6.698774904328996e+22
5.835785635882288e-08,2886251828802014.0,-6.321792329245827e+23,3075.2839699111464,6.608787063628319e+22
5.8557856358822884e-08,2930930101025985.5,-6.243613242421116e+23,3061.766978105747,6.518489208621874e+22
5.8757856358822886e-08,2976512248766872.0,-6.16639771653397e+23,3048.2214978418024,6.427881804948857e+22
5.895785635882289e-08,3022965145240555.0,-6.090119286914278e+23,3034.6548545921582,6.336971482919828e+22
5.915785635882289e-08,3070254718811249.5,-6.014750448132798e+23,3021.0741823871285,6.245770764591897e+22
5.935785635882289e-08,3118345994609843.0,-5.940262877469142e+23,3007.4864206936936,6.1542977699168005e+22
5.955785635882289e-08,3167203144872977.0,-5.866627657844047e+23,2993.8983116675167,6.062575902977724e+22
5.97578563588229e-08,3216789547341095.0,-5.793815498583469e+23,2980.31639776959,5.9706335197341535e+22
5.99578563588229e-08,3267067851007452.5,-5.721796952324818e+23,2966.7470197408784,5.878503579046565e+22
6.01578563588229e-08,3318000048469537.5,-5.650542626364928e+23,2953.1963149292237,5.7862232790547976e+22
6.03578563588229e-08,3369547554100525.5,-5.580023386774736e+23,2939.670215963144,5.6938336812362405e+22
6.05578563588229e-08,3421671287232218.0,-5.5102105536679483e+23,2926.1744497672285,5.60137932467229e+22
6.07578563588229e-08,3474331759522986.5,-5.4410760861044024e+23,2912.714536913629,5.508907833203087e+22
6.09578563588229e-08,3527489165674878.5,-5.37259275523008e+23,2899.2957913037912,5.4164695182522265e+22
6.115785635882291e-08,3581103476663467.5,-5.3047343044010147e+23,2885.9233201741004,5.3241169801557855e+22
6.135785635882291e-08,3635134534652106.0,-5.237475595204469e+23,2872.6020244185675,5.231904710833787e+22
6.155785635882291e-08,3689542148778774.5,-5.1707927384705525e+23,2859.3365992210806,5.139888700602037e+22
6.175785635882291e-08,3744286191028281.0,-5.1046632095607994e+23,2846.131534989143,5.048126051838043e+22
6.195785635882291e-08,3799326691434594.5,-5.039065947419081e+23,2832.9911185803912,4.9566746020924004e+22
6.215785635882292e-08,3854623931896907.5,-4.973981437071666e+23,2819.9194348125816,4.8655925590796146e+22
6.235785635882292e-08,3910138537937833.5,-4.909391775463973e+23,2806.9203682471375,4.77493814979474e+22
6.255785635882292e-08,3965831567782110.0,-4.8452807207167065e+23,2793.9976052358065,4.684769285789428e+22
6.275785635882292e-08,4021664598188367.0,-4.781633725070532e+23,2781.1546362194413,4.595143246407699e+22
6.295785635882292e-08,4077599806523988.0,-4.718437951962335e+23,2768.3947582674514,4.506116381534472e+22
6.315785635882293e-08,4133600048632952.0,-4.6556822778380874e+23,2755.721077846045,4.417743835151378e+22
6.335785635882293e-08,4189628932107772.5,-4.593357279449462e+23,2743.1365138029946,4.330079290732557e+22
6.355785635882293e-08,4245650884638458.5,-4.531455207508948e+23,2730.6438005563564,4.243174739250057e+22
6.375785635882293e-08,4301631217172879.5,-4.469969947683835e+23,2718.2454914742793,4.1570802703003474e+22
6.395785635882293e-08,4357536181683301.0,-4.408896969997418e+23,2705.943962432867,4.071843886613397e+22
6.415785635882293e-08,4413333023392433.5,-4.3482332677724147e+23,2693.741415538859,3.987511341966992e+22
6.435785635882294e-08,4468990027368491.5,-4.287977287299713e+23,2681.6398830038484,3.9041260023056735e+22
6.455785635882294e-08,4524476559451949.0,-4.228128849443437e+23,2669.641231156671,3.821728729656768e+22
6.475785635882294e-08,4579763101526476.0,-4.168689064404633e+23,2657.7471645806427,3.740357788248201e+22
6.495785635882294e-08,4634821281192554.0,-4.1096602408587247e+23,2645.95923036238,3.660048772066003e+22
6.515785635882294e-08,4689623895944273.0,-4.0510457906607766e+23,2634.278822439047,3.580834552942833e+22
6.535785635882295e-08,4744144931987590.0,-3.992850130276263e+23,2622.707186031054,3.5027452481452007e+22
6.555785635882295e-08,4798359577871795.0,-3.935078580048068e+23,2611.2454221474295,3.4258082063240464e+22
6.575785635882295e-08,4852244233135054.0,-3.8777372623517074e+23,2599.8944921513435,3.350048010612201e+22
6.595785635882295e-08,4905776512189705.0,-3.820832999624694e+23,2588.655222373557,3.2754864975915296e+22
6.615785635882295e-08,4958935243693583.0,-3.7643732131818726e+23,2577.5283087618955,3.2021427908114333e+22
6.635785635882295e-08,5011700465670184.0,-3.708365823650765e+23,2566.514321555205,3.1300333475172574e+22
6.655785635882296e-08,5064053416653118.0,-3.652819153778252e+23,2555.613709970642,3.0591720172414514e+22
6.675785635882296e-08,5115976523139312.0,-3.5977418342765874e+23,2544.826806893568,2.989570110919333e+22
6.695785635882296e-08,5167446483054502.0,-3.5429761748805715e+23,2534.1805489144576,2.9214567919777114e+22
6.715785635882296e-08,5218452784371406.0,-3.4888498578883774e+23,2523.6458911855084,2.854598259066319e+22
6.735785635882296e-08,5268982557448555.0,-3.435264914185199e+23,2513.2232980591734,2.7889971782602025e+22
6.755785635882296e-08,5319023408837629.0,-3.3822043357057075e+23,2502.9130053006943,2.7246582220120555e+22
6.775785635882297e-08,5368563790417566.0,-3.329667582276592e+23,2492.715060530986,2.6615836755943357e+22
6.795785635882297e-08,5417593084336048.0,-3.2776588111912804e+23,2482.6293667903874,2.5997734174689373e+22
6.815785635882297e-08,5466101619738048.0,-3.22618393014598e+23,2472.6557068168304,2.539225121193644e+22
6.835785635882297e-08,5514080665228056.0,-3.1752495543464986e+23,2462.793758532776,2.479934448631177e+22
6.855785635882297e-08,5561522410133732.0,-3.124862526896421e+23,2453.0431061445533,2.42189522050393e+22
6.875785635882298e-08,5608419939673865.0,-3.0750296561197606e+23,2443.4032488095204,2.3650995694925494e+22
6.895785635882298e-08,5654767206464003.0,-3.0257575543851965e+23,2433.8736078308784,2.3095380807714563e+22
6.915785635882298e-08,5700558999701384.0,-2.9770525313636407e+23,2424.453532892983,2.255199923124708e+22
6.935785635882298e-08,5745790912854645.0,-2.9289205195892748e+23,2415.1423076303863,2.2020729725339092e+22
6.955785635882298e-08,5790459310412161.0,-2.8813670208425918e+23,2405.9391547077284,2.1501439293631693e+22
6.975785635882298e-08,5834561294087138.0,-2.834397066944593e+23,2396.843240522131,2.0993984298083965e+22
6.995785635882299e-08,5878094668781359.0,-2.7880151911531732e+23,2387.853679601354,2.049821152008468e+22
7.015785635882299e-08,5921057908545861.0,-2.7422254077654088e+23,2378.969538747014,2.0013959170555485e+22
7.035785635882299e-08,5963450122731960.0,-2.697031198329905e+23,2370.189840957239,1.9541057850514587e+22
7.055785635882299e-08,6005271022492646.0,-2.6524355033462593e+23,2361.5135691531027,1.907933146306612e+22
7.075785635882299e-08,6046520887768190.0,-2.6084407186167424e+23,2352.939669726645,1.862859807754635e+22
7.0957856358823e-08,6087200534868517.0,-2.5650486955982435e+23,2344.4670559237215,1.8188670746477195e+22
7.1157856358823e-08,6127311284746978.0,-2.522260745222322e+23,2336.0946110718337,1.7759358275996445e+22
7.1357856358823e-08,6166854932044744.0,-2.480077644733084e+23,2327.8211916608802,1.7340465950507353e+22
7.1557856358823e-08,6205833714971573.0,-2.4384996471508548e+23,2319.645630283267,1.693179621239675e+22
7.1757856358823e-08,6244250286076740.0,-2.3975264930136104e+23,2311.5667384386943,1.6533149297784528e+22
7.1957856358823e-08,6282107683953285.0,-2.3571574240819432e+23,2303.5833092081784,1.6144323829387424e+22
7.2157856358823e-08,6319409305909188.0,-2.317391198721694e+23,2295.694119801345,1.5765117367692057e+22
7.235785635882301e-08,6356158881630502.0,-2.2782261087024423e+23,2287.897933980614,1.5395326921732453e+22
7.255785635882301e-08,6392360447853805.0,-2.2396599971712794e+23,2280.193504365684,1.5034749420858503e+22
7.275785635882301e-08,6428018324058410.0,-2.2016902775808613e+23,2272.579574621486,1.468318214895261e+22
7.295785635882301e-08,6463137089182641.0,-2.1643139533687568e+23,2265.0548815327334,1.4340423142614636e+22
7.315785635882301e-08,6497721559362949.0,-2.1275276382019927e+23,2257.6181569680534,1.4006271554877192e+22
7.335785635882302e-08,6531776766689806.0,-2.0913275766168167e+23,2250.268129736701,1.368052798604643e+22
7.355785635882302e-08,6565307938970000.0,-2.0557096648990817e+23,2243.003527340802,1.3362994783279227e+22
7.375785635882302e-08,6598320480481197.0,-2.0206694720650642e+23,2235.8230776260752,1.305347631051425e+22
7.395785635882302e-08,6630819953701366.0,-1.9862022608165338e+23,2228.725510334008,1.2751779190368973e+22
7.415785635882302e-08,6662812061992851.0,-1.9523030083570456e+23,2221.709558558418,1.2457712519598125e+22
7.435785635882303e-08,6694302633218484.0,-1.9189664269688913e+23,2214.773960109404,1.2171088059687644e+22
7.455785635882303e-08,6725297604265119.0,-1.8861869842621765e+23,2207.9174587876373,1.189172040412342e+22
7.475785635882303e-08,6755803006448317.0,-1.8539589230182727e+23,2201.138805572008,1.1619427123840307e+22
7.495785635882303e-08,6785824951770589.0,-1.8222762805608438e+23,2194.4367597235855,1.1354028892309716e+22
7.515785635882303e-08,6815369620004546.0,-1.7911329075969442e+23,2187.8100898088987,1.1095349591679993e+22
7.535785635882303e-08,6844443246571566.0,-1.7605224864801093e+23,2181.2575746455113,1.0843216401330745e+22
7.555785635882304e-08,6873052111186024.0,-1.730438548855682e+23,2174.778004172857,1.0597459870149192e+22
7.575785635882304e-08,6901202527234844.0,-1.700874492656404e+23,2168.3701802512724,1.0357913973780185e+22
7.595785635882304e-08,6928900831861985.0,-1.671823598423315e+23,2162.032917392181,1.0124416158046647e+22
7.615785635882304e-08,6956153376727544.0,-1.6432790449337547e+23,2155.7650434223033,9.89680736967653e+21
7.635785635882304e-08,6982966519411335.0,-1.6152339241240343e+23,2149.5654000847685,9.674932075416332e+21
7.655785635882305e-08,7009346615431152.0,-1.587681255299613e+23,2143.432843579956,9.458638270553152e+21
7.675785635882305e-08,7035300010846364.0,-1.5606139986305993e+23,2137.3662450488496,9.24777747780957e+21
7.695785635882305e-08,7060833035418021.0,-1.534025067934515e+23,2131.3644910016465,9.042204737520267e+21
7.715785635882305e-08,7085951996297305.0,-1.5079073427522017e+23,2125.426483694307,8.841778589943213e+21
7.735785635882305e-08,7110663172214832.0,-1.4822536797258964e+23,2119.551141455677,8.646361050505872e+21
7.755785635882305e-08,7134972808144090.0,-1.4570569232915865e+23,2113.7373989677667,8.455817578734296e+21
7.775785635882306e-08,7158887110413085.0,-1.432309915700122e+23,2107.984207501692,8.270017041562998e+21
7.795785635882306e-08,7182412242239128.0,-1.4080055063837989e+23,2102.2905351117424,8.088831671675305e+21
7.815785635882306e-08,7205554319662548.0,-1.3841365606867944e+23,2096.6553667899466,7.912137021477499e+21
7.835785635882306e-08,7228319407856018.0,-1.3606959679794025e+23,2091.0777045834725,7.739811913266408e+21
7.855785635882306e-08,7250713517787084.0,-1.3376766491771879e+23,2085.5565676771052,7.571738386107161e+21
7.875785635882307e-08,7272742603212387.0,-1.315071563687056e+23,2080.0909924429784,7.407801639898325e+21
7.895785635882307e-08,7294412557982992.0,-1.2928737158029287e+23,2074.6800324596747,7.247889977063639e+21
7.915785635882307e-08,7315729213641128.0,-1.2710761605742435e+23,2069.322758502732,7.09189474227336e+21
7.935785635882307e-08,7336698337289555.0,-1.2496720091706829e+23,2064.0182585085163,6.939710260564851e+21
7.955785635882307e-08,7357325629715641.0,-1.22865443376672e+23,2058.765637513354,6.791233774199634e+21
7.975785635882307e-08,7377616723753118.0,-1.2080166719695094e+23,2053.564017569738,6.646365378564274e+21
7.995785635882308e-08,7397577182865322.0,-1.1877520308133997e+23,2048.412537641366,6.505007957395101e+21
8.015785635882308e-08,7417212499934550.0,-1.1678538903442116e+23,2043.3103534786615,6.36706711757911e+21
8.035785635882308e-08,7436528096242990.0,-1.1483157068158417e+23,2038.2566374764085,6.232451123760486e+21
8.055785635882308e-08,7455529320631433.0,-1.1291310155214593e+23,2033.2505785149988,6.101070832957726e+21
8.075785635882308e-08,7474221448822760.0,-1.1102934332808252e+23,2028.2913817867798,5.97283962937674e+21
8.095785635882308e-08,7492609682897908.0,-1.0917966606048667e+23,2023.3782686088734,5.847673359583846e+21
8.115785635882309e-08,7510699150912720.0,-1.0736344835577664e+23,2018.5104762238077,5.725490268186016e+21
8.135785635882309e-08,7528494906644780.0,-1.0558007753363083e+23,2013.6872575892016,5.606210934147292e+21
8.155785635882309e-08,7546001929459954.0,-1.038289497585364e+23,2008.9078811577108,5.489758207856023e+21
8.175785635882309e-08,7563225124288990.0,-1.0210947014677585e+23,2004.1716306483493,5.376057149041952e+21
8.19578563588231e-08,7580169321705133.0,-1.0042105285058995e+23,1999.477804810264,5.265034965630131e+21
8.21578563588231e-08,7596839278094247.0,-9.876312112118502e+22,1994.8257171799703,5.156620953605874e+21
8.23578563588231e-08,7613239675909508.0,-9.713510735217466e+22,1990.2146958329813,5.050746437953584e+21
8.25578563588231e-08,7629375124003215.0,-9.553645310496405e+22,1985.6440831307466,4.947344714723193e+21
8.27578563588231e-08,7645250158028767.0,-9.396660911751424e+22,1981.1132354637132,4.846350994267488e+21
8.29578563588231e-08,7660869240906314.0,-9.242503529784777e+22,1976.6215229913105,4.747702345686122e+21
8.31578563588231e-08,7676236773174682.0,-9.091119963033454e+22,1972.1683293795834,4.651337714202809e+21
8.33578563588231e-08,7691357063664604.0,-8.94245827248969e+22,1967.753051537156,4.557197585926523e+21
8.355785635882311e-08,7706234360400348.0,-8.796467030377982e+22,1963.3750993501692,4.4652243502616507e+21
8.375785635882311e-08,7720872841109795.0,-8.653095874347972e+22,1959.0338954167685,4.375361982200615e+21
8.395785635882311e-08,7735276613877882.0,-8.512295328307061e+22,1954.728874781712,4.287556055248946e+21
8.415785635882311e-08,7749449717876375.0,-8.374016802161581e+22,1950.4594846715731,4.2017536946496676e+21
8.435785635882312e-08,7763396124126178.0,-8.238212584989144e+22,1946.225184231035,4.117903530801579e+21
8.455785635882312e-08,7777119736285865.0,-8.10483583653708e+22,1942.0254442606774,4.035955653874933e+21
8.475785635882312e-08,7790624391462639.0,-7.973840577905568e+22,1937.8597469566637,3.955861569673755e+21
8.495785635882312e-08,7803913861042486.0,-7.845181681632055e+22,1933.727585652676,3.8775741567402115e+21
8.515785635882312e-08,7816991851536638.0,-7.718814861282297e+22,1929.6284645644253,3.8010476246868144e+21
8.535785635882312e-08,7829862005441687.0,-7.594696660622352e+22,1925.5618985370259,3.72623747373913e+21
8.555785635882313e-08,7842527902110925.0,-7.472784442434388e+22,1921.5274127955029,3.653100455468889e+21
8.575785635882313e-08,7854993058634681.0,-7.353036377030305e+22,1917.5245426986626,3.58159453469648e+21
8.595785635882313e-08,7867260930727610.0,-7.235411430513724e+22,1913.5528334965363,3.511678852539621e+21
8.615785635882313e-08,7879334913621052.0,-7.119869352834977e+22,1909.6118400915843,3.443313690584684e+21
8.635785635882313e-08,7891218342958751.0,-7.006370665680692e+22,1905.701126803814,3.3764604361557876e+21
8.655785635882313e-08,7902914495694366.0,-6.894876650235891e+22,1901.8202671399633,3.311081548656392e+21
8.675785635882314e-08,7914426590989336.0,-6.7853493348529066e+22,1897.9688435668568,3.247140526957561e+21
8.695785635882314e-08,7925757791109797.0,-6.67775148265908e+22,1894.1464472890432,3.1846018778065635e+21
8.715785635882314e-08,7936911202321366.0,-6.572046579131501e+22,1890.3526780307825,3.1234310852293134e+21
8.735785635882314e-08,7947889875780714.0,-6.468198819665011e+22,1886.587143822475,3.063594580900514e+21
8.755785635882314e-08,7958696808422955.0,-6.366173097157098e+22,1882.8494607915438,3.005059715454334e+21
8.775785635882315e-08,7969334943843962.0,-6.265934989630883e+22,1879.1392529578454,2.9477947307096917e+21
8.795785635882315e-08,7979807173176830.0,-6.167450747915336e+22,1875.456152033602,2.89176873278358e+21
8.815785635882315e-08,7990116335961763.0,-6.070687283399982e+22,1871.799797227885,2.8369516660665095e+21
8.835785635882315e-08,8000265221008746.0,-5.975612155879356e+22,1868.1698350556287,2.783314288034152e+21
8.855785635882315e-08,8010256567252439.0,-5.8821935615008255e+22,1864.565919151192,2.7308281448701687e+21
8.875785635882315e-08,8020093064598784.0,-5.790400320827985e+22,1860.987710086417,2.679465547874837e+21
8.895785635882316e-08,8029777354762871.0,-5.700201867030193e+22,1857.4348751931777,2.629199550635213e+21
8.915785635882316e-08,8039312032097682.0,-5.611568234207451e+22,1853.9070883903642,2.580003926932617e+21
8.935785635882316e-08,8048699644413353.0,-5.52447004585885e+22,1850.4040300152783,2.531853149364074e+21
8.955785635882316e-08,8057942693786668.0,-5.438878503501557e+22,1846.925386659374,2.4847223686544957e+21
8.975785635882316e-08,8067043637360520.0,-5.354765375446159e+22,1843.470851008295,2.4385873936372377e+21
8.995785635882317e-08,8076004888133124.0,-5.272102985733464e+22,1840.0401216861462,2.393424671881085e+21
9.015785635882317e-08,8084828815736797.0,-5.190864203236959e+22,1836.6329031039334,2.3492112709422547e+21
9.035785635882317e-08,8093517747206154.0,-5.111022430934021e+22,1833.2489053121076,2.3059248602208133e+21
9.055785635882317e-08,8102073967735594.0,-5.032551595348988e+22,1829.8878438571294,2.2635436934009832e+21
9.075785635882317e-08,8110499721425990.0,-4.955426136169667e+22,1826.549439641997,2.2220465914561249e+21
9.095785635882317e-08,8118797212020499.0,-4.879620996039036e+22,1823.2334187906386,2.1814129261989577e+21
9.115785635882318e-08,8126968603629457.0,-4.8051116105228974e+22,1819.9395125161075,2.1416226043588132e+21
9.135785635882318e-08,8135016021444319.0,-4.731873898253969e+22,1816.667456992488,2.1026560521679035e+21
9.155785635882318e-08,8142941552440644.0,-4.659884251252469e+22,1813.4169932304312,2.0644942004392346e+21
9.175785635882318e-08,8150747246070126.0,-4.58911952542279e+22,1810.1878669562454,2.0271184701195252e+21
9.195785635882318e-08,8158435114941691.0,-4.5195570312256365e+22,1806.9798284944434,1.9905107583006894e+21
9.215785635882319e-08,8166007135491707.0,-4.451174524524629e+22,1803.7926326536722,1.9546534246742992e+21
9.235785635882319e-08,8173465248643338.0,-4.383950197606036e+22,1800.626038615936,1.9195292784138372e+21
9.255785635882319e-08,8180811360455118.0,-4.317862670370264e+22,1797.4798098290316,1.8851215654700206e+21
9.275785635882319e-08,8188047342758805.0,-4.252890981693388e+22,1794.3537139021087,1.8514139562650952e+21
9.295785635882319e-08,8195175033786592.0,-4.189014580956868e+22,1791.2475225042697,1.8183905337722948e+21
9.31578563588232e-08,8202196238787767.0,-4.126213319743354e+22,1788.161011266134,1.786035781967426e+21
9.33578563588232e-08,8209112730634913.0,-4.06446744369655e+22,1785.0939596842736,1.754334574639696e+21
9.35578563588232e-08,8215926250419741.0,-4.003757584542814e+22,1782.046151028449,1.7232721645495486e+21
9.37578563588232e-08,8222638508038675.0,-3.944064752272191e+22,1779.0173722515613,1.6928341729216787e+21
9.39578563588232e-08,8229251182768283.0,-3.885370327476395e+22,1776.0074139022379,1.6630065792617158e+21
9.41578563588232e-08,8235765923830682.0,-3.8276560538412675e+22,1773.0160700399779,1.6337757114855756e+21
9.43578563588232e-08,8242184350949024.0,-3.7709040307912206e+22,1770.043138152786,1.605128236350935e+21
9.45578563588232e-08,8248508054893190.0,-3.715096706283057e+22,1767.0884190772097,1.577051150180445e+21
9.475785635882321e-08,8254738598015817.0,-3.660216869746575e+22,1764.1517169207148,1.5495317698669073e+21
9.495785635882321e-08,8260877514778778.0,-3.6062476451692834e+22,1761.2328389863223,1.5225577241508672e+21
9.515785635882321e-08,8266926312270249.0,-3.55317248432273e+22,1758.3315956994434,1.49611694516145e+21
9.535785635882321e-08,8272886470712488.0,-3.5009751601276846e+22,1755.447800536836,1.4701976602116206e+21
9.555785635882322e-08,8278759443960461.0,-3.4496397601556675e+22,1752.5812699576238,1.444788383839322e+21
9.575785635882322e-08,8284546659991441.0,-3.3991506802641226e+22,1749.7318233363053,1.419877910086302e+21
9.595785635882322e-08,8290249521385716.0,-3.3494926183626573e+22,1746.8992828976957,1.395455305006756e+21
9.615785635882322e-08,8295869405798542.0,-3.300650568307895e+22,1744.083473653739,1.3715098993981042e+21
9.635785635882322e-08,8301407666423462.0,-3.252609813924206e+22,1741.284223342126,1.34803128174662e+21
9.655785635882322e-08,8306865632447138.0,-3.205355923147956e+22,1738.5013623666673,1.3250092913808153e+21
9.675785635882323e-08,8312244609495819.0,-3.1588747422926792e+22,1735.7347237393533,1.3024340118257501e+21
9.695785635882323e-08,8317545880073580.0,-3.113152390432807e+22,1732.9841430240638,1.2802957643517432e+21
9.715785635882323e-08,8322770703992464.0,-3.068175253903492e+22,1730.2494582818547,1.2585851017110943e+21
9.735785635882323e-08,8327920318794656.0,-3.023929980914118e+22,1727.5305100177825,1.2372928020567645e+21
9.755785635882323e-08,8332995940166826.0,-2.98040347627321e+22,1724.8271411292144,1.21640986303712e+21
9.775785635882324e-08,8337998762346757.0,-2.9375828962224313e+22,1722.139196855573,1.195927496061052e+21
9.795785635882324e-08,8342929958522400.0,-2.8954556433773204e+22,1719.4665247294668,1.175837120728031e+21
9.815785635882324e-08,8347790681223478.0,-2.8540093617727252e+22,1716.8089745291745,1.1561303594178253e+21
9.835785635882324e-08,8352582062705761.0,-2.813231932010545e+22,1714.1663982324128,1.1367990320347369e+21
9.855785635882324e-08,8357305215328145.0,-2.773111466507782e+22,1711.5386499713786,1.1178351509015926e+21
9.875785635882324e-08,8361961231922650.0,-2.7336363048427726e+22,1708.9255859889936,1.0992309157985907e+21
9.895785635882325e-08,8366551186157471.0,-2.6947950091974916e+22,1706.327064596333,1.0809787091425771e+21
9.915785635882325e-08,8371076132893187.0,-2.65657635989399e+22,1703.7429461311895,1.0630710913022864e+21
9.935785635882325e-08,8375537108532263.0,-2.6189693510229453e+22,1701.1730929177406,1.0455007960453205e+21
9.955785635882325e-08,8379935131361955.0,-2.581963186162391e+22,1698.617369227276,1.0282607261127323e+21
9.975785635882325e-08,8384271201890737.0,-2.5455472741847235e+22,1696.0756412399633,1.0113439489173545e+21
9.995785635882325e-08,8388546303178362.0,-2.509711225150213e+22,1693.5477770076027,9.947436923619e+20
1.0015785635882326e-07,8392761401159679.0,-2.47444484628506e+22,1691.0336464173558,9.784533407733205e+20
1.0036785635882326e-07,8397122198268898.0,-2.4380290686487573e+22,1688.4088508048935,9.616778936521241e+20
1.0058835635882326e-07,8401630546828884.0,-2.4004525895452356e+22,1685.6692266822615,9.44418442039782e+20
1.0081988135882325e-07,8406287997688395.0,-2.36170901906101e+22,1682.8105189329315,9.266779346900977e+20
1.0106298260882325e-07,8411095767333194.0,-2.3217959841065633e+22,1679.8283850189064,9.084611622487176e+20
1.0131823892132324e-07,8416054702907721.0,-2.280715023610415e+22,1676.718399909677,8.897748538727524e+20
1.0158625804944824e-07,8421165245777497.0,-2.2384717263378733e+22,1673.4760617781667,8.706277894666681e+20
1.0186767813397948e-07,8426427394006963.0,-2.1950759619549972e+22,1670.0967985082286,8.510309141473258e+20
1.021631692227373e-07,8431840664086637.0,-2.1505421519606702e+22,1666.575975057076,8.309974495557727e+20
1.02473434865933e-07,8437404052256187.0,-2.104889555602989e+22,1662.908901714228,8.105429985249047e+20
1.0279921379128849e-07,8443115995804090.0,-2.058142556870607e+22,1659.0908432959966,7.896856402189594e+20
1.0314128166291175e-07,8448974334769186.0,-2.010330943377048e+22,1655.1170293113507,7.684460130504832e+20
1.0350045292811617e-07,8454976274519664.0,-1.9614901699924726e+22,1650.9826651309625,7.4684738270897e+20
1.0387758275658082e-07,8461118349737885.0,-1.911661600853736e+22,1646.6829441863401,7.249156926068629e+20
1.042735690764687e-07,8467396390392713.0,-1.8608927235653031e+22,1642.2130612202175,7.026795940148325e+20
1.0468935471235097e-07,8473805490332779.0,-1.8092373293237625e+22,1637.568226602657,6.801704531483176e+20
1.0512592963002736e-07,8480339979182494.0,-1.756755652532845e+22,1632.743681719637,6.574223325003457e+20
1.0558433329358757e-07,8486993398265647.0,-1.7035144633220768e+22,1627.7347154322645,6.34471943805992e+20
1.0606565714032578e-07,8493758481317046.0,-1.6495871062983469e+22,1622.5366815950501,6.113585701816778e+20
1.0657104717940091e-07,8500627140768596.0,-1.5950534788861292e+22,1617.1450176110748,5.8812395521780246e+20
1.071017067204298e-07,8507590460410150.0,-1.5399999427783948e+22,1611.5552639902628,5.648121571224452e+20
1.0765889923851013e-07,8514638695224943.0,-1.4845191623515002e+22,1605.7630848644585,5.414693664229532e+20
1.0824395138249448e-07,8521761279182040.0,-1.4287098644154785e+22,1599.7642893997045,5.1814368623438974e+20
1.0885825613367803e-07,8528946841731541.0,-1.372676514393444e+22,1593.5548540319965,4.948848746991512e+20
1.0950327612242078e-07,8536183233690189.0,-1.3165289049653474e+22,1587.1309454381806,4.71744049888634e+20
1.1018054711060066e-07,8543457563123506.0,-1.2603816543798096e+22,1580.4889441384582,4.487733582283683e+20
1.1089168164818953e-07,8550756241724242.0,-1.2043536130369282e+22,1573.6254686116845,4.2602560835310905e+20
1.1163837291265785e-07,8558065042054756.0,-1.1485671785677034e+22,1566.5373997890586,4.0355387320158106e+20
1.1242239874034958e-07,8565369165862820.0,-1.0931475214693053e+22,1559.221905776633,3.814110641037964e+20
1.132456258594259e-07,8572653323496776.0,-1.038221725373946e+22,1551.6764666421832,3.596494815715905e+20
1.1411001433445603e-07,8579901824238662.0,-9.839178481976297e+21,1543.8988990878947,3.383203484472728e+20
1.1501762223323768e-07,8587098677145515.0,-9.30363912685661e+21,1535.8873808171522,3.174733319630472e+20
1.159706105269584e-07,8594227701743371.0,-8.776868371875156e+21,1527.6404743920514,2.9715606208047684e+20
1.1697124823536516e-07,8601272647660624.0,-8.260113197842361e+21,1519.1571503681473,2.7741365417658594e+20
1.1802191782919225e-07,8608217322023497.0,-7.754586910788141e+21,1510.436809484742,2.5828824468386326e+20
1.191251209027107e-07,8615045723173833.0,-7.261457529602254e+21,1501.4793036833169,2.3981854863984322e+20
1.2028348412990508e-07,8621742179016390.0,-6.781836223742923e+21,1492.284955723476,2.2203944822446316e+20
1.2149976551845917e-07,8628291488068365.0,-6.316766004899462e+21,1482.8545771653112,2.049816212328149e+20
1.2277686097644096e-07,8634679061077340.0,-5.867210885533999e+21,1473.1894844900114,1.8867121802804753e+20
1.2411781120732185e-07,8640891060904738.0,-5.434045720966906e+21,1463.2915131366244,1.7312959483277597e+20
1.2552580894974678e-07,8646914538249309.0,-5.01804694946748e+21,1453.1630292421119,1.5837311024814998e+20
1.2700420657929295e-07,8652737560717489.0,-4.61988443624868e+21,1442.806938885372,1.4441299065246104e+20
1.2855652409031645e-07,8658349332741709.0,-4.2401146120547053e+21,1432.2266946518732,1.3125526864925552e+20
1.301864574768911e-07,8663740303909289.0,-3.8791750752735073e+21,1421.4262993561272,1.1890079705088783e+20
1.318978875327945e-07,8668902263396577.0,-3.5373807984649516e+21,1410.4103067822205,1.0734533904577336e+20
1.3369488909149306e-07,8673828418406224.0,-3.214922046520578e+21,1399.1838193292272,9.657973327019288e+19
1.3558174072812655e-07,8678513454777895.0,-2.911864075247832e+21,1387.7524824774114,8.659013055725183e+19
1.3756293494659172e-07,8682953578279435.0,-2.6281486371826413e+21,1376.1224760230214,7.735829724206262e+19
1.3964318887598013e-07,8687146535478760.0,-2.3635972772483474e+21,1364.3005020628232,6.886197813841537e+19
1.4182745550183798e-07,8691091613536135.0,-2.1179163560644557e+21,1352.293769744426,6.10753107418418e+19
1.4412093545898873e-07,8694789618729218.0,-1.8907036949163575e+21,1340.1099768348108,5.396928092305407e+19
1.4652908941399702e-07,8698242834014633.0,-1.681456695253687e+21,1327.7572881950998,4.751220940804058e+19
1.4905765106675571e-07,8701454956423783.0,-1.48958174869964e+21,1315.2443112853316,4.167025773825419e+19
1.5171264080215235e-07,8704431015570517.0,-1.314404722348369e+21,1302.5800688582124,3.6407942189544436e+19
1.545003800243188e-07,8707177274997448.0,-1.1551822797689362e+21,1289.7739690330063,3.168864430580065e+19
1.574275062075936e-07,8709701118490378.0,-1.01111378155909e+21,1276.8357729722863,2.7475107260070265e+19
1.6050098870003212e-07,8712010505732439.0,-8.811884915143719e+20,1263.755593568202,2.372478646786959e+19
1.6372814531709257e-07,8714114694417311.0,-7.647212576101761e+20,1250.564742140282,2.0406981841195192e+19
1.6711665976500605e-07,8716023709306920.0,-6.608239000513281e+20,1237.2737387304212,1.7485123133804077e+19
1.7067459993531518e-07,8717748140713786.0,-5.6858209940516045e+20,1223.893321819319,1.492351900573521e+19
1.744104371141398e-07,8719298992184555.0,-4.87082778297901e+20,1210.4344053162404,1.26878343733981e+19
1.783330661519056e-07,8720687534772151.0,-4.154255730454184e+20,1196.9080357912521,1.074535291790891e+19
1.8245182664155972e-07,8721925166645790.0,-3.527319761523793e+20,1183.3253500054602,9.065173798344788e+18
1.8677652515569654e-07,8723023280199491.0,-2.981532510676459e+20,1169.69753288258,7.618356170100663e+18
1.9131745859554022e-07,8723993138848581.0,-2.5087714793236847e+20,1156.0357761194616,6.378014863352002e+18
1.9608543870737609e-07,8724845765364344.0,-2.1013338693162146e+20,1142.3512376635533,5.319370679085448e+18
2.0109181782480374e-07,8725591843190533.0,-1.7519790406317952e+20,1128.655002298313,4.419759584127102e+18
2.0634851589810277e-07,8726241631755146.0,-1.453958876031975e+20,1114.9580435779205,3.6586057372166134e+18
2.1186804887506674e-07,8726804896355635.0,-1.2010366373082617e+20,1101.2711873436492,3.0173636802302346e+18
2.1766355850087893e-07,8727290852771929.0,-9.874951525619175e+19,1087.6050770384024,2.479435191959245e+18
2.237488436079817e-07,8727708126364215.0,-8.081353761212082e+19,1073.9701410150512,2.03006625156295e+18
2.3013839297043962e-07,8728064725054518.0,-6.582665095794894e+19,1060.3765620098159,1.656229327077017e+18
2.3684741980102044e-07,8728368025283258.0,-5.336889639946596e+19,1046.8342489251465,1.3464958272841674e+18
2.438918979731303e-07,8728624769781879.0,-4.306714818658699e+19,1033.352811038369,1.0909030704573897e+18
2.5128860005384565e-07,8728841075814854.0,-3.459237275268086e+19,1019.9415347235538,8.808195678338285e+17
2.5905513723859677e-07,8729022452420230.0,-2.7656560218886455e+19,1006.6093627453283,7.088118274274799e+17
2.6721000128258546e-07,8729173825115706.0,-2.2009445237614334e+19,993.3648761552587,5.685152851612727e+17
2.757726085287736e-07,8729299566532669.0,-1.7435122597949698e+19,980.2162787944538,4.545113905374663e+17
2.847633461372711e-07,8729403531487122.0,-1.374864968964945e+19,967.1713843805987,3.622123329602428e+17
2.942036206261935e-07,8729489095085832.0,-1.0792713525008628e+19,954.2376061340246,2.877544066592448e+17
3.04115908839562e-07,8729559192589166.0,-8.434425287984939e+18,941.4219488759278,2.279005860017524e+17
3.145238114635989e-07,8729616359899403.0,-6.562290961568802e+18,928.7310035126387,1.7995252321869677e+17
3.254521092188377e-07,8729662773705509.0,-5.083393005667985e+18,916.1709438030493,1.4167188764882272e+17
3.3692682186183844e-07,8729700290483723.0,-3.920805720567522e+18,903.7475252919978,1.1121073682404838e+17
3.489752701369892e-07,8729730483720252.0,-3.011256109647458e+18,891.4660862805991,8.705044005026101e+16
3.6162614082589753e-07,8729754678881532.0,-2.303032903314199e+18,879.3315506951809,6.794855800672574e+16
3.7490955504925125e-07,8729773985804019.0,-1.7541389706649907e+18,867.3484327095521,5.289300986356519e+16
3.8885713998377265e-07,8729789334194581.0,-1.3311898579871885e+18,855.5381451582886,4.1077392106904136e+16
4.0350210416502017e-07,8729801486264179.0,-1.0062311155528147e+18,843.8853851631383,3.1817305410147296e+16
4.1887931655533e-07,8729811069266861.0,-7.576453512336687e+17,832.3937020416785,2.458088127786782e+16
4.3502538956515537e-07,8729818596851789.0,-5.68308056355195e+17,821.0662336526827,1.894217780307138e+16
4.51978766225472e-07,8729824487368321.0,-4.247100546845643e+17,809.9057231153249,1.456083719927578e+16
4.6977981171880446e-07,8729829079742187.0,-3.162531844937829e+17,798.9145353760488,1.116587321146416e+16
4.884709094868035e-07,8729832647136647.0,-2.3466865182061773e+17,788.0946737582224,8542310065000280.0
5.080965621432025e-07,8729835408606596.0,-1.7353959882525472e+17,777.4477965138296,6520204488284416.0
5.287034974324215e-07,8729837538958497.0,-1.2791229128509018e+17,766.9752333491926,4965671403793674.0
5.503407794861015e-07,8729839177026757.0,-9.398190226888922e+16,756.678001875623,3773583967123195.0
5.730599256424655e-07,8729840432568673.0,-6.884045264639217e+16,746.556823934514,2861663751201036.0
5.969150291066476e-07,8729841391967249.0,-5.027604752160676e+16,736.6121417424894,2165718099505382.2
6.219628877440389e-07,8729842122915538.0,-3.661406188917975e+16,726.8441338098721,1635818725999855.2
6.482631393132997e-07,8729842678239021.0,-2.6592336878694184e+16,717.252730586558,1233248428401207.8
6.758784034610236e-07,8729843098994904.0,-1.9263724715958984e+16,707.8376297933787,928071412635794.8
7.048744308161336e-07,8729843416969872.0,-1.3920453960372558e+16,698.5983114038692,697207437774021.8
7.353202595389991e-07,8729843656681341.0,-1.0035774556019572e+16,689.534052241321,522911100943706.75
7.672883796980079e-07,8729843836971946.0,-7219189717542370.0,680.6439401640097,391575451302689.1
8.008549058649672e-07,8729843972273148.0,-5182298264239259.0,671.9268878111478,292794123165905.75
8.360997583402744e-07,8729844073601483.0,-3712869120116077.0,663.3816458913795,218628676763702.06
8.73106853439347e-07,8729844149340166.0,-2655263004857225.5,655.0068159930823,163038175741752.44
9.119643032933733e-07,8729844205849407.0,-1895718793241438.5,646.8008629047164,121436531071703.48
9.527646256401008e-07,8729844247940839.0,-1351347034491176.5,638.7621264334437,90350086602589.31
9.956049641041648e-07,8729844279244730.0,-961933134650424.6,630.8888327163677,67153564433633.09
1e-06,8729844282338587.0,-927560914236663.8,630.0861271956059,65047652402586.45
